,cds,county_code,district_code,school_code
0,01100170112607,01,10017,0112607
1,01611190130229,01,61119,0130229
2,01611190130625,01,61119,0130625
3,01611270130450,01,61127,0130450
4,01611430131177,01,61143,0131177
5,01611500132225,01,61150,0132225
6,01611680132746,01,61168,0132746
7,01611760130062,01,61176,0130062
8,01611760134270,01,61176,0134270
9,01611760134452,01,61176,0134452
10,01611760135244,01,61176,0135244
11,01611760138693,01,61176,0138693
12,01611920108670,01,61192,0108670
13,01611920127944,01,61192,0127944
14,01611920133629,01,61192,0133629
15,01611920135319,01,61192,0135319
16,01611920138339,01,61192,0138339
17,01612000133397,01,61200,0133397
18,01612000134536,01,61200,0134536
19,01612340130054,01,61234,0130054
20,01612420134668,01,61242,0134668
21,01612590100065,01,61259,0100065
22,01612590100701,01,61259,0100701
23,01612590108944,01,61259,0108944
24,01612590110189,01,61259,0110189
25,01612590111856,01,61259,0111856
26,01612590114868,01,61259,0114868
27,01612590115238,01,61259,0115238
28,01612590125161,01,61259,0125161
29,01612590125716,01,61259,0125716
30,01612590126748,01,61259,0126748
31,01612590132555,01,61259,0132555
32,01612590135905,01,61259,0135905
33,01612590136051,01,61259,0136051
34,01612590137943,01,61259,0137943
35,01612750136515,01,61275,0136515
36,01613090114421,01,61309,0114421
37,01613090130849,01,61309,0130849
38,01613090137810,01,61309,0137810
39,01750930132704,01,75093,0132704
40,01751010130096,01,75101,0130096
41,01751010130583,01,75101,0130583
42,03739810330753,03,73981,0330753
43,03739810334755,03,73981,0334755
44,04614080430827,04,61408,0430827
45,04614240120394,04,61424,0120394
46,04614240431676,04,61424,0431676
47,04614240437558,04,61424,0437558
48,04614320433201,04,61432,0433201
49,04615150434803,04,61515,0434803
50,04615150435602,04,61515,0435602
51,04615310121715,04,61531,0121715
52,04615310437350,04,61531,0437350
53,04755070433953,04,75507,0433953
54,05615560532507,05,61556,0532507
55,05615640531509,05,61564,0531509
56,06615980631259,06,61598,0631259
57,06616060634758,06,61606,0634758
58,06616140635250,06,61614,0635250
59,07100740731380,07,10074,0731380
60,07616300730283,07,61630,0730283
61,07616300731125,07,61630,0731125
62,07616300733725,07,61630,0733725
63,07616300734244,07,61630,0734244
64,07616480730465,07,61648,0730465
65,07616480730861,07,61648,0730861
66,07616970737023,07,61697,0737023
67,07617210107797,07,61721,0107797
68,07617210730457,07,61721,0730457
69,07617210733980,07,61721,0733980
70,07617390730549,07,61739,0730549
71,07617540730044,07,61754,0730044
72,07617540731646,07,61754,0731646
73,07617540731836,07,61754,0731836
74,07617540734566,07,61754,0734566
75,07617880735407,07,61788,0735407
76,07617960101477,07,61796,0101477
77,07617960730291,07,61796,0730291
78,07617960730598,07,61796,0730598
79,07617960732164,07,61796,0732164
80,07617960732941,07,61796,0732941
81,07617960733659,07,61796,0733659
82,07617960735316,07,61796,0735316
83,07617960735902,07,61796,0735902
84,07618040113118,07,61804,0113118
85,07618040730051,07,61804,0730051
86,07618040734368,07,61804,0734368
87,07618040736504,07,61804,0736504
88,08618200833004,08,61820,0833004
89,09618530930081,09,61853,0930081
90,09618530930164,09,61853,0930164
91,09618530930214,09,61853,0930214
92,09618530932756,09,61853,0932756
93,09618530936302,09,61853,0936302
94,09619030937805,09,61903,0937805
95,10621170113555,10,62117,0113555
96,10621171030196,10,62117,1030196
97,10621171030501,10,62117,1030501
98,10621171030683,10,62117,1030683
99,10621171031053,10,62117,1031053
100,10621251031376,10,62125,1031376
101,10621581032150,10,62158,1032150
102,10621660114553,10,62166,0114553
103,10621661030279,10,62166,1030279
104,10621661030295,10,62166,1030295
105,10621661030675,10,62166,1030675
106,10621661031897,10,62166,1031897
107,10621661032507,10,62166,1032507
108,10621661032911,10,62166,1032911
109,10621661034214,10,62166,1034214
110,10621661035831,10,62166,1035831
111,10622571033695,10,62257,1033695
112,10622650108092,10,62265,0108092
113,10622650116640,10,62265,0116640
114,10622650126292,10,62265,0126292
115,10622651035310,10,62265,1035310
116,10622811033950,10,62281,1033950
117,10623641034990,10,62364,1034990
118,10624141036094,10,62414,1036094
119,10624301036672,10,62430,1036672
120,10738091030121,10,73809,1030121
121,10739651030626,10,73965,1030626
122,10739991033430,10,73999,1033430
123,10751271030493,10,75127,1030493
124,10752341037456,10,75234,1037456
125,10752751036938,10,75275,1036938
126,10754081035575,10,75408,1035575
127,10755981030535,10,75598,1030535
128,10767781038306,10,76778,1038306
129,11626611132851,11,62661,1132851
130,11754811135656,11,75481,1135656
131,11765621133701,11,76562,1133701
132,12626870107110,12,62687,0107110
133,12626871230705,12,62687,1230705
134,12626871235209,12,62687,1235209
135,12628101233402,12,62810,1233402
136,12629011234004,12,62901,1234004
137,12630401237007,12,63040,1237007
138,12753741232909,12,75374,1232909
139,12753821230085,12,75382,1230085
140,12755151232206,12,75515,1232206
141,13630811331404,13,63081,1331404
142,13630991332204,13,63099,1332204
143,13631071332501,13,63107,1332501
144,13631151330133,13,63115,1330133
145,13631151333004,13,63115,1333004
146,13631491335306,13,63149,1335306
147,13631641335900,13,63164,1335900
148,13632141337609,13,63214,1337609
149,14632481431352,14,63248,1431352
150,14632891434901,14,63289,1434901
151,14632971436203,14,63297,1436203
152,14766871431600,14,76687,1431600
153,15634120100529,15,63412,0100529
154,15634120116384,15,63412,0116384
155,15634121531672,15,63412,1531672
156,15635290100198,15,63529,0100198
157,15635290110999,15,63529,0110999
158,15635290116392,15,63529,0116392
159,15635290116400,15,63529,0116400
160,15635291530252,15,63529,1530252
161,15635291530344,15,63529,1530344
162,15635291530369,15,63529,1530369
163,15635291530385,15,63529,1530385
164,15635291530476,15,63529,1530476
165,15635291530708,15,63529,1530708
166,15635291532290,15,63529,1532290
167,15635291532605,15,63529,1532605
168,15635291533330,15,63529,1533330
169,15635291533538,15,63529,1533538
170,15635291534775,15,63529,1534775
171,15635291535087,15,63529,1535087
172,15635291535392,15,63529,1535392
173,15635291536606,15,63529,1536606
174,15636281533843,15,63628,1533843
175,15636770114512,15,63677,0114512
176,15637761534957,15,63776,1534957
177,15638181535905,15,63818,1535905
178,15638261536135,15,63826,1536135
179,15638591536440,15,63859,1536440
180,15737421531367,15,73742,1531367
181,15739081534155,15,73908,1534155
182,15751681530401,15,75168,1530401
183,16638911632207,16,63891,1632207
184,16639250118919,16,63925,0118919
185,16639251630169,16,63925,1630169
186,16639251634401,16,63925,1634401
187,16639820110205,16,63982,0110205
188,16639821635606,16,63982,1635606
189,16739321630953,16,73932,1630953
190,17640141734359,17,64014,1734359
191,17640301732304,17,64030,1732304
192,17640551736008,17,64055,1736008
193,17769761737006,17,76976,1737006
194,18641391833805,18,64139,1833805
195,18750361833409,18,75036,1833409
196,19101990109942,19,10199,0109942
197,19642121930056,19,64212,1930056
198,19642121930361,19,64212,1930361
199,19642121933159,19,64212,1933159
200,19642460100081,19,64246,0100081
201,19642460108407,19,64246,0108407
202,19642461930213,19,64246,1930213
203,19642461936624,19,64246,1936624
204,19642461937051,19,64246,1937051
205,19642461995398,19,64246,1995398
206,19642461995406,19,64246,1995406
207,19642461995844,19,64246,1995844
208,19642611930288,19,64261,1930288
209,19642791930528,19,64279,1930528
210,19642791933449,19,64279,1933449
211,19642871930601,19,64287,1930601
212,19642871938166,19,64287,1938166
213,19642951930700,19,64295,1930700
214,19643111930981,19,64311,1930981
215,19643291931088,19,64329,1931088
216,19643291937739,19,64329,1937739
217,19643371931187,19,64337,1931187
218,19643371931237,19,64337,1931237
219,19643521933951,19,64352,1933951
220,19643521934926,19,64352,1934926
221,19643521935048,19,64352,1935048
222,19643781931666,19,64378,1931666
223,19643941931823,19,64394,1931823
224,19644361932086,19,64436,1932086
225,19644361936418,19,64436,1936418
226,19644361938372,19,64436,1938372
227,19644441932201,19,64444,1932201
228,19644511932441,19,64451,1932441
229,19644511939164,19,64451,1939164
230,19644691932482,19,64469,1932482
231,19645191930320,19,64519,1930320
232,19645191932664,19,64519,1932664
233,19645191932680,19,64519,1932680
234,19645191937481,19,64519,1937481
235,19645191995661,19,64519,1995661
236,19645271932706,19,64527,1932706
237,19645351932763,19,64535,1932763
238,19645681932144,19,64568,1932144
239,19645681933530,19,64568,1933530
240,19645681934082,19,64568,1934082
241,19645681996131,19,64568,1996131
242,19645761933597,19,64576,1933597
243,19645920100354,19,64592,0100354
244,19646341934231,19,64634,1934231
245,19646341936046,19,64634,1936046
246,19646341996529,19,64634,1996529
247,19646341996586,19,64634,1996586
248,19646831930080,19,64683,1930080
249,19646831931781,19,64683,1931781
250,19646911996438,19,64691,1996438
251,19647090100602,19,64709,0100602
252,19647091996313,19,64709,1996313
253,19647250127381,19,64725,0127381
254,19647251934470,19,64725,1934470
255,19647251934678,19,64725,1934678
256,19647251935758,19,64725,1935758
257,19647251936947,19,64725,1936947
258,19647251939875,19,64725,1939875
259,19647251995539,19,64725,1995539
260,19647251995935,19,64725,1995935
261,19647330100677,19,64733,0100677
262,19647330100750,19,64733,0100750
263,19647330100800,19,64733,0100800
264,19647330101196,19,64733,0101196
265,19647330101659,19,64733,0101659
266,19647330101675,19,64733,0101675
267,19647330102434,19,64733,0102434
268,19647330102913,19,64733,0102913
269,19647330102921,19,64733,0102921
270,19647330106435,19,64733,0106435
271,19647330106831,19,64733,0106831
272,19647330106849,19,64733,0106849
273,19647330107003,19,64733,0107003
274,19647330107755,19,64733,0107755
275,19647330108878,19,64733,0108878
276,19647330108894,19,64733,0108894
277,19647330108936,19,64733,0108936
278,19647330109447,19,64733,0109447
279,19647330109454,19,64733,0109454
280,19647330109462,19,64733,0109462
281,19647330111492,19,64733,0111492
282,19647330111500,19,64733,0111500
283,19647330111575,19,64733,0111575
284,19647330111583,19,64733,0111583
285,19647330111625,19,64733,0111625
286,19647330111658,19,64733,0111658
287,19647330112029,19,64733,0112029
288,19647330112037,19,64733,0112037
289,19647330112045,19,64733,0112045
290,19647330112052,19,64733,0112052
291,19647330112508,19,64733,0112508
292,19647330112870,19,64733,0112870
293,19647330114850,19,64733,0114850
294,19647330115253,19,64733,0115253
295,19647330116509,19,64733,0116509
296,19647330117051,19,64733,0117051
297,19647330117069,19,64733,0117069
298,19647330117598,19,64733,0117598
299,19647330117606,19,64733,0117606
300,19647330117721,19,64733,0117721
301,19647330117747,19,64733,0117747
302,19647330117762,19,64733,0117762
303,19647330117911,19,64733,0117911
304,19647330118588,19,64733,0118588
305,19647330119651,19,64733,0119651
306,19647330119727,19,64733,0119727
307,19647330119966,19,64733,0119966
308,19647330120360,19,64733,0120360
309,19647330121285,19,64733,0121285
310,19647330121293,19,64733,0121293
311,19647330122333,19,64733,0122333
312,19647330122341,19,64733,0122341
313,19647330122358,19,64733,0122358
314,19647330122366,19,64733,0122366
315,19647330122374,19,64733,0122374
316,19647330122382,19,64733,0122382
317,19647330122606,19,64733,0122606
318,19647330123133,19,64733,0123133
319,19647330123141,19,64733,0123141
320,19647330124362,19,64733,0124362
321,19647330124370,19,64733,0124370
322,19647330124388,19,64733,0124388
323,19647330124396,19,64733,0124396
324,19647330124404,19,64733,0124404
325,19647330124412,19,64733,0124412
326,19647330124479,19,64733,0124479
327,19647330124487,19,64733,0124487
328,19647330124495,19,64733,0124495
329,19647330124503,19,64733,0124503
330,19647330124511,19,64733,0124511
331,19647330124560,19,64733,0124560
332,19647330124883,19,64733,0124883
333,19647330124891,19,64733,0124891
334,19647330124933,19,64733,0124933
335,19647330125864,19,64733,0125864
336,19647330125989,19,64733,0125989
337,19647330126136,19,64733,0126136
338,19647330126474,19,64733,0126474
339,19647330126482,19,64733,0126482
340,19647330126490,19,64733,0126490
341,19647330126508,19,64733,0126508
342,19647330126516,19,64733,0126516
343,19647330126524,19,64733,0126524
344,19647330126532,19,64733,0126532
345,19647330126540,19,64733,0126540
346,19647330126557,19,64733,0126557
347,19647330126573,19,64733,0126573
348,19647330126615,19,64733,0126615
349,19647330126623,19,64733,0126623
350,19647330127787,19,64733,0127787
351,19647330127795,19,64733,0127795
352,19647330127894,19,64733,0127894
353,19647330127910,19,64733,0127910
354,19647330129536,19,64733,0129536
355,19647330129627,19,64733,0129627
356,19647330130997,19,64733,0130997
357,19647331930650,19,64733,1930650
358,19647331930866,19,64733,1930866
359,19647331930924,19,64733,1930924
360,19647331931047,19,64733,1931047
361,19647331931476,19,64733,1931476
362,19647331931526,19,64733,1931526
363,19647331931708,19,64733,1931708
364,19647331931864,19,64733,1931864
365,19647331932128,19,64733,1932128
366,19647331932383,19,64733,1932383
367,19647331932623,19,64733,1932623
368,19647331932920,19,64733,1932920
369,19647331932987,19,64733,1932987
370,19647331933118,19,64733,1933118
371,19647331933241,19,64733,1933241
372,19647331933381,19,64733,1933381
373,19647331933746,19,64733,1933746
374,19647331933795,19,64733,1933795
375,19647331933852,19,64733,1933852
376,19647331934033,19,64733,1934033
377,19647331934157,19,64733,1934157
378,19647331934371,19,64733,1934371
379,19647331934454,19,64733,1934454
380,19647331935121,19,64733,1935121
381,19647331935352,19,64733,1935352
382,19647331935519,19,64733,1935519
383,19647331935568,19,64733,1935568
384,19647331935865,19,64733,1935865
385,19647331936160,19,64733,1936160
386,19647331936350,19,64733,1936350
387,19647331937226,19,64733,1937226
388,19647331937424,19,64733,1937424
389,19647331937622,19,64733,1937622
390,19647331937838,19,64733,1937838
391,19647331938307,19,64733,1938307
392,19647331938554,19,64733,1938554
393,19647331938612,19,64733,1938612
394,19647331938885,19,64733,1938885
395,19647331938968,19,64733,1938968
396,19647331939040,19,64733,1939040
397,19647331939107,19,64733,1939107
398,19647331939305,19,64733,1939305
399,19647331939479,19,64733,1939479
400,19647331939859,19,64733,1939859
401,19647331939941,19,64733,1939941
402,19647331995836,19,64733,1995836
403,19647740109538,19,64774,0109538
404,19647741935436,19,64774,1935436
405,19647901935923,19,64790,1935923
406,19648080124552,19,64808,0124552
407,19648081930155,19,64808,1930155
408,19648081930825,19,64808,1930825
409,19648081935998,19,64808,1935998
410,19648401933647,19,64840,1933647
411,19648401934728,19,64840,1934728
412,19648401936467,19,64840,1936467
413,19648651995588,19,64865,1995588
414,19648651996552,19,64865,1996552
415,19648731936749,19,64873,1936749
416,19648811936103,19,64881,1936103
417,19648811936822,19,64881,1936822
418,19649071933175,19,64907,1933175
419,19649071933324,19,64907,1933324
420,19649071937028,19,64907,1937028
421,19649071995901,19,64907,1995901
422,19649641937754,19,64964,1937754
423,19649801938000,19,64980,1938000
424,19650291938455,19,65029,1938455
425,19650521938679,19,65052,1938679
426,19650601936277,19,65060,1936277
427,19650601938356,19,65060,1938356
428,19650601938752,19,65060,1938752
429,19650601939602,19,65060,1939602
430,19650940122432,19,65094,0122432
431,19650941939537,19,65094,1939537
432,19651281931302,19,65128,1931302
433,19651281934868,19,65128,1934868
434,19651281936889,19,65128,1936889
435,19651281937903,19,65128,1937903
436,19651281939701,19,65128,1939701
437,19651360102459,19,65136,0102459
438,19651360102475,19,65136,0102475
439,19651361931492,19,65136,1931492
440,19651361931740,19,65136,1931740
441,19651361933902,19,65136,1933902
442,19651361995802,19,65136,1995802
443,19651361996321,19,65136,1996321
444,19734371931567,19,73437,1931567
445,19734371931963,19,73437,1931963
446,19734371932326,19,73437,1932326
447,19734451934801,19,73445,1934801
448,19734451935246,19,73445,1935246
449,19734451939834,19,73445,1939834
450,19734451939925,19,73445,1939925
451,19734521936228,19,73452,1936228
452,19734521937564,19,73452,1937564
453,19734601932862,19,73460,1932862
454,19734601939149,19,73460,1939149
455,19752911995810,19,75291,1995810
456,19753091995786,19,75309,1995786
457,19753331935808,19,75333,1935808
458,19753411937143,19,75341,1937143
459,19757131930163,19,75713,1930163
460,19757131934553,19,75713,1934553
461,19757131937697,19,75713,1937697
462,19768690119016,19,76869,0119016
463,19768690119636,19,76869,0119636
464,19768690131128,19,76869,0131128
465,20652012032357,20,65201,2032357
466,20652430110965,20,65243,0110965
467,20652430118950,20,65243,0118950
468,20652432035707,20,65243,2035707
469,20755802030203,20,75580,2030203
470,20756060100180,20,75606,0100180
471,20756060117010,20,75606,0117010
472,20756060125021,20,75606,0125021
473,20764142030013,20,76414,2030013
474,20764142030237,20,76414,2030237
475,21654172132272,21,65417,2132272
476,21654172133056,21,65417,2133056
477,21654662133262,21,65466,2133262
478,21654662134005,21,65466,2134005
479,21654822131340,21,65482,2131340
480,21654822132587,21,65482,2132587
481,21654822133692,21,65482,2133692
482,21733612134310,21,73361,2134310
483,22655322230076,22,65532,2230076
484,22655322235356,22,65532,2235356
485,23655652331361,23,65565,2331361
486,23655812333185,23,65581,2333185
487,23655992333649,23,65599,2333649
488,23656072334563,23,65607,2334563
489,23656152335024,23,65615,2335024
490,23656232335487,23,65623,2335487
491,23738662330041,23,73866,2330041
492,23739162332260,23,73916,2332260
493,23752182332724,23,75218,2332724
494,24656982432409,24,65698,2432409
495,24657302433001,24,65730,2433001
496,24657550120923,24,65755,0120923
497,24657552434207,24,65755,2434207
498,24657890127373,24,65789,0127373
499,24657892430098,24,65789,2430098
500,24657892430205,24,65789,2430205
501,24657892430601,24,65789,2430601
502,24657892433605,24,65789,2433605
503,24657892435204,24,65789,2435204
504,24736192431807,24,73619,2431807
505,24753172431203,24,75317,2431203
506,24753662430114,24,75366,2430114
507,25735852535409,25,73585,2535409
508,26736682633006,26,73668,2633006
509,26736682635001,26,73668,2635001
510,26736922630010,26,73692,2630010
511,27102720125765,27,10272,0125765
512,27659872730414,27,65987,2730414
513,27660680134254,27,66068,0134254
514,27660682730174,27,66068,2730174
515,27660682732170,27,66068,2732170
516,27660920111435,27,66092,0111435
517,27660922732808,27,66092,2732808
518,27660922735348,27,66092,2735348
519,27661342733657,27,66134,2733657
520,27661592730109,27,66159,2730109
521,27661592730166,27,66159,2730166
522,27661592733178,27,66159,2733178
523,27661592734556,27,66159,2734556
524,27738252730034,27,73825,2730034
525,27754402730190,27,75440,2730190
526,27754732730885,27,75473,2730885
527,28662660121087,28,66266,0121087
528,28662662830016,28,66266,2830016
529,28662662835601,28,66266,2835601
530,28662902837102,28,66290,2837102
531,29102980114314,29,10298,0114314
532,29663570124834,29,66357,0124834
533,29663572930048,29,66357,2930048
534,29663572935500,29,66357,2935500
535,30103060126037,30,10306,0126037
536,30664313030038,30,66431,3030038
537,30664313030228,30,66431,3030228
538,30664313033057,30,66431,3033057
539,30664313033115,30,66431,3033115
540,30664313033784,30,66431,3033784
541,30664313034204,30,66431,3034204
542,30664313036712,30,66431,3036712
543,30664313038239,30,66431,3038239
544,30664493030640,30,66449,3030640
545,30664640113381,30,66464,0113381
546,30664643030210,30,66464,3030210
547,30664643030574,30,66464,3030574
548,30664643030756,30,66464,3030756
549,30664643036001,30,66464,3036001
550,30664643038569,30,66464,3038569
551,30665143030855,30,66514,3030855
552,30665143032505,30,66514,3032505
553,30665143033362,30,66514,3033362
554,30665143037090,30,66514,3037090
555,30665143037348,30,66514,3037348
556,30665143037496,30,66514,3037496
557,30665223030434,30,66522,3030434
558,30665223032752,30,66522,3032752
559,30665223033578,30,66522,3033578
560,30665223033933,30,66522,3033933
561,30665223035581,30,66522,3035581
562,30665223035706,30,66522,3035706
563,30665223036555,30,66522,3036555
564,30665483030145,30,66548,3030145
565,30665483031895,30,66548,3031895
566,30665483032158,30,66548,3032158
567,30665483032943,30,66548,3032943
568,30665483034410,30,66548,3034410
569,30665483038445,30,66548,3038445
570,30665553033206,30,66555,3033206
571,30665973032000,30,66597,3032000
572,30665973035045,30,66597,3035045
573,30666213030046,30,66621,3030046
574,30666213031952,30,66621,3031952
575,30666213035409,30,66621,3035409
576,30666213038098,30,66621,3038098
577,30666470119404,30,66647,0119404
578,30666473030053,30,66647,3030053
579,30666473031929,30,66647,3031929
580,30666473038023,30,66647,3038023
581,30666700106567,30,66670,0106567
582,30666700108365,30,66670,0108365
583,30666700114736,30,66670,0114736
584,30666703030491,30,66670,3030491
585,30666703036357,30,66670,3036357
586,30666703036456,30,66670,3036456
587,30736353030061,30,73635,3030061
588,30736353030244,30,73635,3030244
589,30736353030392,30,73635,3030392
590,30736353034956,30,73635,3034956
591,30736430102871,30,73643,0102871
592,30736433032109,30,73643,3032109
593,30736433037553,30,73643,3037553
594,30736503030152,30,73650,3030152
595,30736503030285,30,73650,3030285
596,30736503030657,30,73650,3030657
597,30736503035102,30,73650,3035102
598,30739243033917,30,73924,3033917
599,31668940102293,31,66894,0102293
600,31668943131851,31,66894,3131851
601,31668943132453,31,66894,3132453
602,31668943135704,31,66894,3135704
603,31669280116459,31,66928,0116459
604,31669283130176,31,66928,3130176
605,31669283130184,31,66928,3130184
606,31669283135308,31,66928,3135308
607,31669283136504,31,66928,3136504
608,31669443130010,31,66944,3130010
609,31669443138500,31,66944,3138500
610,31669513134657,31,66951,3134657
611,31750850108084,31,75085,0108084
612,31750853130150,31,75085,3130150
613,33103300134320,33,10330,0134320
614,33669770125732,33,66977,0125732
615,33669773330008,33,66977,3330008
616,33669773334299,33,66977,3334299
617,33669853330214,33,66985,3330214
618,33669933330479,33,66993,3330479
619,33670330110627,33,67033,0110627
620,33670333330446,33,67033,3330446
621,33670333330701,33,67033,3330701
622,33670333331600,33,67033,3331600
623,33670333334232,33,67033,3334232
624,33670580118885,33,67058,0118885
625,33670583330388,33,67058,3330388
626,33670583330669,33,67058,3330669
627,33670583333192,33,67058,3333192
628,33670820106716,33,67082,0106716
629,33670820113159,33,67082,0113159
630,33670823330537,33,67082,3330537
631,33670823332673,33,67082,3332673
632,33670900114157,33,67090,0114157
633,33670903330412,33,67090,3330412
634,33670903337136,33,67090,3337136
635,33671243330396,33,67124,3330396
636,33671243330438,33,67124,3330438
637,33671243331071,33,67124,3331071
638,33671243333770,33,67124,3333770
639,33671573331014,33,67157,3331014
640,33671730127316,33,67173,0127316
641,33671733330578,33,67173,3330578
642,33671733330818,33,67173,3330818
643,33671733335130,33,67173,3335130
644,33671813335759,33,67181,3335759
645,33672070113191,33,67207,0113191
646,33672073330727,33,67207,3330727
647,33672073335973,33,67207,3335973
648,33672153330024,33,67215,3330024
649,33672153330859,33,67215,3330859
650,33672153334406,33,67215,3334406
651,33672153336237,33,67215,3336237
652,33672153336492,33,67215,3336492
653,33672493337656,33,67249,3337656
654,33736760100255,33,73676,0100255
655,33736760121673,33,73676,0121673
656,33736763330990,33,73676,3330990
657,33751760107920,33,75176,0107920
658,33751763330487,33,75176,3330487
659,33751763332350,33,75176,3332350
660,33751920105734,33,75192,0105734
661,33751923330370,33,75192,3330370
662,33751923330743,33,75192,3330743
663,33752000100420,33,75200,0100420
664,33752000118794,33,75200,0118794
665,33752003330529,33,75200,3330529
666,33752420109108,33,75242,0109108
667,33752423330552,33,75242,3330552
668,34673140105916,34,67314,0105916
669,34673140108753,34,67314,0108753
670,34673140116897,34,67314,0116897
671,34673143430170,34,67314,3430170
672,34673143430592,34,67314,3430592
673,34673143430618,34,67314,3430618
674,34673143430873,34,67314,3430873
675,34673143432572,34,67314,3432572
676,34673300113571,34,67330,0113571
677,34673303431533,34,67330,3431533
678,34673303433216,34,67330,3433216
679,34673550119131,34,67355,0119131
680,34673553433471,34,67355,3433471
681,34674134835302,34,67413,4835302
682,34674390101881,34,67439,0101881
683,34674390101899,34,67439,0101899
684,34674390101907,34,67439,0101907
685,34674390101972,34,67439,0101972
686,34674390102038,34,67439,0102038
687,34674390108951,34,67439,0108951
688,34674393430865,34,67439,3430865
689,34674393431012,34,67439,3431012
690,34674393434636,34,67439,3434636
691,34674393434768,34,67439,3434768
692,34674393435419,34,67439,3435419
693,34674473430048,34,67447,3430048
694,34674473430493,34,67447,3430493
695,34674473431111,34,67447,3431111
696,34674473432051,34,67447,3432051
697,34674473432317,34,67447,3432317
698,34674473435930,34,67447,3435930
699,34674473436714,34,67447,3436714
700,34674473438504,34,67447,3438504
701,34739733430378,34,73973,3430378
702,34752830102236,34,75283,0102236
703,34752830112425,34,75283,0112425
704,34752833430584,34,75283,3430584
705,34765050101832,34,76505,0101832
706,34765053433265,34,76505,3433265
707,34765053433794,34,76505,3433794
708,34765053434370,34,76505,3434370
709,34765053436979,34,76505,3436979
710,35752593530060,35,75259,3530060
711,36676113630803,36,67611,3630803
712,36676523630225,36,67652,3630225
713,36676523630373,36,67652,3630373
714,36676523630571,36,67652,3630571
715,36676523631058,36,67652,3631058
716,36676523631157,36,67652,3631157
717,36676523632205,36,67652,3632205
718,36676523633906,36,67652,3633906
719,36676523634482,36,67652,3634482
720,36676783630035,36,67678,3630035
721,36676783630522,36,67678,3630522
722,36676783631017,36,67678,3631017
723,36676783632502,36,67678,3632502
724,36676860125500,36,67686,0125500
725,36676863631322,36,67686,3631322
726,36676863632742,36,67686,3632742
727,36677100108191,36,67710,0108191
728,36677100120758,36,67710,0120758
729,36677103630555,36,67710,3630555
730,36677103630902,36,67710,3630902
731,36677103633302,36,67710,3633302
732,36677773638616,36,67777,3638616
733,36678013634169,36,67801,3634169
734,36678430118802,36,67843,0118802
735,36678433630779,36,67843,3630779
736,36678433635042,36,67843,3635042
737,36678500102830,36,67850,0102830
738,36678503630597,36,67850,3630597
739,36678503633005,36,67850,3633005
740,36678683635265,36,67868,3635265
741,36678760125450,36,67876,0125450
742,36678763631082,36,67876,3631082
743,36678763632221,36,67876,3632221
744,36678763634680,36,67876,3634680
745,36678763635844,36,67876,3635844
746,36678763636081,36,67876,3636081
747,36679340125419,36,67934,0125419
748,36679343630787,36,67934,3630787
749,36679343638012,36,67934,3638012
750,36679593638509,36,67959,3638509
751,36738583630076,36,73858,3630076
752,36738903630274,36,73890,3630274
753,36739573630233,36,73957,3630233
754,36750440119115,36,75044,0119115
755,36750443630407,36,75044,3630407
756,36750443630746,36,75044,3630746
757,36750513630563,36,75051,3630563
758,36750693637584,36,75069,3637584
759,36750773630423,36,75077,3630423
760,36750773630894,36,75077,3630894
761,37679833730447,37,67983,3730447
762,37680313731478,37,68031,3731478
763,37681060111195,37,68106,0111195
764,37681060127241,37,68106,0127241
765,37681063730058,37,68106,3730058
766,37681063731023,37,68106,3731023
767,37681063732062,37,68106,3732062
768,37681063735313,37,68106,3735313
769,37681223732179,37,68122,3732179
770,37681303730066,37,68130,3730066
771,37681303730702,37,68130,3730702
772,37681303731262,37,68130,3731262
773,37681303731692,37,68130,3731692
774,37681303731809,37,68130,3731809
775,37681303732336,37,68130,3732336
776,37681303732625,37,68130,3732625
777,37681303732732,37,68130,3732732
778,37681303734548,37,68130,3734548
779,37681303734761,37,68130,3734761
780,37681303737905,37,68130,3737905
781,37681713733219,37,68171,3733219
782,37682130129668,37,68213,0129668
783,37682133734878,37,68213,3734878
784,37682960118935,37,68296,0118935
785,37682963730074,37,68296,3730074
786,37682963730819,37,68296,3730819
787,37682963731528,37,68296,3731528
788,37682963735867,37,68296,3735867
789,37683380106732,37,68338,0106732
790,37683380107029,37,68338,0107029
791,37683380107052,37,68338,0107052
792,37683380107078,37,68338,0107078
793,37683380107086,37,68338,0107086
794,37683380107094,37,68338,0107094
795,37683380107102,37,68338,0107102
796,37683380107177,37,68338,0107177
797,37683380107219,37,68338,0107219
798,37683380108787,37,68338,0108787
799,37683380114025,37,68338,0114025
800,37683380114462,37,68338,0114462
801,37683380118851,37,68338,0118851
802,37683380122788,37,68338,0122788
803,37683380127647,37,68338,0127647
804,37683383730173,37,68338,3730173
805,37683383730181,37,68338,3730181
806,37683383730314,37,68338,3730314
807,37683383730884,37,68338,3730884
808,37683383731213,37,68338,3731213
809,37683383731247,37,68338,3731247
810,37683383732781,37,68338,3732781
811,37683383732997,37,68338,3732997
812,37683383733508,37,68338,3733508
813,37683383733698,37,68338,3733698
814,37683383734431,37,68338,3734431
815,37683383734654,37,68338,3734654
816,37683383735750,37,68338,3735750
817,37683460106328,37,68346,0106328
818,37683463730033,37,68346,3730033
819,37683463731007,37,68346,3731007
820,37683463737418,37,68346,3737418
821,37684110111831,37,68411,0111831
822,37684113730124,37,68411,3730124
823,37684113730405,37,68411,3730405
824,37684113730801,37,68411,3730801
825,37684113730843,37,68411,3730843
826,37684113731064,37,68411,3731064
827,37684113731502,37,68411,3731502
828,37684113731627,37,68411,3731627
829,37684113732849,37,68411,3732849
830,37684113733953,37,68411,3733953
831,37684113738226,37,68411,3738226
832,37684113738234,37,68411,3738234
833,37684523730728,37,68452,3730728
834,37684523738705,37,68452,3738705
835,37735510127423,37,73551,0127423
836,37735513730694,37,73551,3730694
837,37735693735206,37,73569,3735206
838,37735693739018,37,73569,3739018
839,37737910105726,37,73791,0105726
840,37737913737632,37,73791,3737632
841,37756143731114,37,75614,3731114
842,37764710114678,37,76471,0114678
843,37764710114694,37,76471,0114694
844,38684780107300,38,68478,0107300
845,38684780127530,38,68478,0127530
846,38684783830205,38,68478,3830205
847,38684783830254,38,68478,3830254
848,38684783830288,38,68478,3830288
849,38684783830403,38,68478,3830403
850,38684783830411,38,68478,3830411
851,38684783830437,38,68478,3830437
852,38684783831765,38,68478,3831765
853,38684783833241,38,68478,3833241
854,38684783833407,38,68478,3833407
855,38684783834082,38,68478,3834082
856,38684783834769,38,68478,3834769
857,38684783839081,38,68478,3839081
858,39685023932308,39,68502,3932308
859,39685693933801,39,68569,3933801
860,39685773933959,39,68577,3933959
861,39685850101956,39,68585,0101956
862,39685853930237,39,68585,3930237
863,39685853930443,39,68585,3930443
864,39685853934759,39,68585,3934759
865,39685853934783,39,68585,3934783
866,39685930101576,39,68593,0101576
867,39685930116376,39,68593,0116376
868,39685930126094,39,68593,0126094
869,39685933930310,39,68593,3930310
870,39685933932001,39,68593,3932001
871,39685933935103,39,68593,3935103
872,39686270130864,39,68627,0130864
873,39686503935756,39,68650,3935756
874,39686760108159,39,68676,0108159
875,39686760119743,39,68676,0119743
876,39686760123802,39,68676,0123802
877,39686760124248,39,68676,0124248
878,39686763932100,39,68676,3932100
879,39754990102392,39,75499,0102392
880,39754990119040,39,75499,0119040
881,39754993930302,39,75499,3930302
882,39754993938008,39,75499,3938008
883,39767600128967,39,76760,0128967
884,40687004030755,40,68700,4030755
885,40687590125328,40,68759,0125328
886,40688094034807,40,68809,4034807
887,40688094036703,40,68809,4036703
888,40688334037008,40,68833,4037008
889,40688414037701,40,68841,4037701
890,40754574035754,40,75457,4035754
891,40754654032009,40,75465,4032009
892,41688904132817,41,68890,4132817
893,41689240127548,41,68924,0127548
894,41689244133393,41,68924,4133393
895,41689244137535,41,68924,4137535
896,41689244137790,41,68924,4137790
897,41689404135331,41,68940,4135331
898,41690474130217,41,69047,4130217
899,41690474130472,41,69047,4130472
900,41690474130738,41,69047,4130738
901,41690474133070,41,69047,4133070
902,41690474134557,41,69047,4134557
903,41690474136370,41,69047,4136370
904,41690620112722,41,69062,0112722
905,41690620119503,41,69062,0119503
906,41690620126722,41,69062,0126722
907,41690624130993,41,69062,4130993
908,41690624133716,41,69062,4133716
909,41690624136693,41,69062,4136693
910,41690624138053,41,69062,4138053
911,41690704132551,41,69070,4132551
912,41690704137279,41,69070,4137279
913,42691464230587,42,69146,4230587
914,42692294230454,42,69229,4230454
915,42692294233060,42,69229,4233060
916,42693100102285,42,69310,0102285
917,42693104234613,42,69310,4234613
918,42693104236030,42,69310,4236030
919,42693284236345,42,69328,4236345
920,42750104231205,42,75010,4231205
921,42767864231726,42,76786,4231726
922,42767864235230,42,76786,4235230
923,42767864235727,42,76786,4235727
924,43104390123794,43,10439,0123794
925,43694014330239,43,69401,4330239
926,43694014330866,43,69401,4330866
927,43694014331955,43,69401,4331955
928,43694014336137,43,69401,4336137
929,43694014338505,43,69401,4338505
930,43694270116889,43,69427,0116889
931,43694270123745,43,69427,0123745
932,43694270125617,43,69427,0125617
933,43694274330015,43,69427,4330015
934,43694274330023,43,69427,4330023
935,43694274330031,43,69427,4330031
936,43694274330668,43,69427,4330668
937,43694274330692,43,69427,4330692
938,43694274332995,43,69427,4332995
939,43694274333639,43,69427,4333639
940,43694274334900,43,69427,4334900
941,43694274335204,43,69427,4335204
942,43694274335428,43,69427,4335428
943,43694274335907,43,69427,4335907
944,43694274337903,43,69427,4337903
945,43694684331799,43,69468,4331799
946,43694684332474,43,69468,4332474
947,43694684333316,43,69468,4333316
948,43694684334421,43,69468,4334421
949,43694684334462,43,69468,4334462
950,43694840114496,43,69484,0114496
951,43694840118380,43,69484,0118380
952,43694844332839,43,69484,4332839
953,43695344334371,43,69534,4334371
954,43695344337762,43,69534,4337762
955,43695830102368,43,69583,0102368
956,43695834333951,43,69583,4333951
957,43696094334116,43,69609,4334116
958,43696414332904,43,69641,4332904
959,43696414335782,43,69641,4335782
960,43696664330080,43,69666,4330080
961,43696664330585,43,69666,4330585
962,43696664333522,43,69666,4333522
963,43696664333795,43,69666,4333795
964,43696664335949,43,69666,4335949
965,43696664337200,43,69666,4337200
966,43696664338950,43,69666,4338950
967,43696744330122,43,69674,4330122
968,43696744338802,43,69674,4338802
969,43733874334470,43,73387,4334470
970,44697650100305,44,69765,0100305
971,44697990105858,44,69799,0105858
972,44697994430245,44,69799,4430245
973,44697994430518,44,69799,4430518
974,44697994437901,44,69799,4437901
975,44698074436754,44,69807,4436754
976,44698234430187,44,69823,4430187
977,44698234432340,44,69823,4432340
978,44698234437109,44,69823,4437109
979,44698234437406,44,69823,4437406
980,44754324430211,44,75432,4430211
981,45698564530028,45,69856,4530028
982,45698564530333,45,69856,4530333
983,45698564530804,45,69856,4530804
984,45701364530044,45,70136,4530044
985,45701364530267,45,70136,4530267
986,45701364532750,45,70136,4532750
987,45701364537304,45,70136,4537304
988,45752674531901,45,75267,4531901
989,47702504732707,47,70250,4732707
990,47704664734356,47,70466,4734356
991,47704664734901,47,70466,4734901
992,47704664735403,47,70466,4735403
993,47704664738753,47,70466,4738753
994,47705164739207,47,70516,4739207
995,47736844731253,47,73684,4731253
996,47764554733309,47,76455,4733309
997,48705244831004,48,70524,4831004
998,48705324832259,48,70532,4832259
999,48705404830170,48,70540,4830170
1000,48705404830451,48,70540,4830451
1001,48705404833000,48,70540,4833000
1002,48705654838801,48,70565,4838801
1003,48705734830089,48,70573,4830089
1004,48705734830113,48,70573,4830113
1005,48705734837803,48,70573,4837803
1006,48705814830196,48,70581,4830196
1007,48705814838504,48,70581,4838504
1008,49706074930400,49,70607,4930400
1009,49706074931507,49,70607,4931507
1010,49706564930855,49,70656,4930855
1011,49708624930012,49,70862,4930012
1012,49708624935151,49,70862,4935151
1013,49709204930160,49,70920,4930160
1014,49709204930244,49,70920,4930244
1015,49709204934154,49,70920,4934154
1016,49709204935292,49,70920,4935292
1017,49709204936803,49,70920,4936803
1018,49709534937256,49,70953,4937256
1019,49738820123786,49,73882,0123786
1020,49738824935482,49,73882,4935482
1021,49753584930228,49,75358,4930228
1022,49753904932554,49,75390,4932554
1023,50105045030234,50,10504,5030234
1024,50710430107136,50,71043,0107136
1025,50710430108076,50,71043,0108076
1026,50710435030879,50,71043,5030879
1027,50710685031521,50,71068,5031521
1028,50711750110593,50,71175,0110593
1029,50711750121129,50,71175,0121129
1030,50711755030010,50,71175,5030010
1031,50711755030135,50,71175,5030135
1032,50711755031380,50,71175,5031380
1033,50711755031802,50,71175,5031802
1034,50711755034905,50,71175,5034905
1035,50712175036256,50,71217,5036256
1036,50736015035902,50,73601,5035902
1037,50755495032651,50,75549,5032651
1038,50755565036850,50,75556,5036850
1039,50755645035654,50,75564,5035654
1040,50755725030259,50,75572,5030259
1041,50757395030283,50,75739,5030283
1042,50757395037700,50,75739,5037700
1043,51713735132758,51,71373,5132758
1044,51713995135256,51,71399,5135256
1045,51714495137500,51,71449,5137500
1046,51714640107722,51,71464,0107722
1047,51714645139001,51,71464,5139001
1048,52715065231709,52,71506,5231709
1049,52715715235106,52,71571,5235106
1050,52716395237201,52,71639,5237201
1051,53750285337407,53,75028,5337407
1052,53765135337456,53,76513,5337456
1053,54105460119602,54,10546,0119602
1054,54718605433230,54,71860,5433230
1055,54719935432414,54,71993,5432414
1056,54722490116368,54,72249,0116368
1057,54722495435409,54,72249,5435409
1058,54722495435466,54,72249,5435466
1059,54722560109751,54,72256,0109751
1060,54722560120659,54,72256,0120659
1061,54722565430046,54,72256,5430046
1062,54722565430368,54,72256,5430368
1063,54722565432828,54,72256,5432828
1064,54722565434527,54,72256,5434527
1065,54753255430210,54,75325,5430210
1066,54755230116590,54,75523,0116590
1067,54755235430251,54,75523,5430251
1068,54755235432786,54,75523,5432786
1069,54755235434113,54,75523,5434113
1070,54755235434931,54,75523,5434931
1071,54755315431184,54,75531,5431184
1072,54767945436282,54,76794,5436282
1073,54768365431598,54,76836,5431598
1074,55723895536503,55,72389,5536503
1075,55724135536750,55,72413,5536750
1076,55751845530076,55,75184,5530076
1077,55751845530084,55,75184,5530084
1078,56724545632021,56,72454,5632021
1079,56725205634076,56,72520,5634076
1080,56725460120634,56,72546,0120634
1081,56725465630389,56,72546,5630389
1082,56725465631619,56,72546,5631619
1083,56725465631742,56,72546,5631742
1084,56725465632849,56,72546,5632849
1085,56725465634548,56,72546,5634548
1086,56725465634761,56,72546,5634761
1087,56726035630322,56,72603,5630322
1088,56726035635008,56,72603,5635008
1089,56726035636188,56,72603,5636188
1090,56726525630348,56,72652,5630348
1091,56726525630793,56,72652,5630793
1092,56726525637822,56,72652,5637822
1093,56737595630116,56,73759,5630116
1094,56737595633748,56,73759,5633748
1095,56737595637004,56,73759,5637004
1096,56738745630132,56,73874,5630132
1097,56739405633250,56,73940,5633250
1098,56768285635776,56,76828,5635776
1099,57726865732904,57,72686,5732904
1100,57726945735154,57,72694,5735154
1101,57727025738505,57,72702,5738505
1102,57727100101162,57,72710,0101162
1103,57727105738802,57,72710,5738802
1104,58727365830013,58,72736,5830013
1105,58727365835202,58,72736,5835202
1106,58727695838305,58,72769,5838305
